Score,Sequence,MW,ALOGP,HBA,HBD,PSA,ROTB,AROM,ALERTS
0.06722997818765434619,LLLQPPAA,822.01799999999980173016,-0.75209999999999732623,11,8,292.53000000000002955858,22,0,0
0.06365497130665438708,PPPGHAHF,858.95800000000008367351,-1.94540000000000556923,12,9,292.81000000000000227374,19,3,0
0.06194292286590247221,TTVVGGGA,660.72600000000022646418,-5.22040000000000858904,12,11,307.48000000000001818989,19,0,0
0.06149109533816139034,TTVVGAGA,674.75300000000015643309,-4.83190000000000718927,12,11,307.48000000000001818989,19,0,0
0.06143726639062040834,PPPGHGHF,844.93100000000004001777,-2.33390000000000696900,12,9,292.81000000000000227374,19,3,0
0.06128073708783106366,TTTVGGGA,662.69800000000020645530,-6.49560000000001291909,13,12,327.70999999999997953637,19,0,0
0.06078861595431774706,AAAGHGHT,720.74500000000011823431,-5.57320000000001058993,13,12,344.61000000000001364242,20,2,0
0.06067207524021408366,TTTVGAGA,676.72500000000013642421,-6.10710000000001151932,13,12,327.70999999999997953637,19,0,0
0.06006681657509042871,TTYVGAGA,738.79600000000016279955,-4.53960000000000452047,13,12,327.70999999999997953637,20,1,0
0.06006672451671813545,TTYVGGGA,724.76900000000011914381,-4.92810000000000414389,13,12,327.70999999999997953637,20,1,0
0.05921600736114241564,LLLQPVAA,824.03399999999999181455,-0.60229999999999961346,11,9,301.31999999999999317879,24,0,0
0.05710557373460903308,GGGYVYAC,788.88100000000019917934,-2.81159999999998744258,12,12,307.47999999999996134648,21,2,1
0.05675621995925949487,GGGYVTAC,726.81000000000005911716,-4.37909999999999310916,12,12,307.47999999999996134648,20,1,1
0.05634042522193267316,AAAGHTHT,764.79800000000011550583,-5.82380000000001007976,14,13,364.83999999999997498890,21,2,0
0.05544889381491430874,LLDQPPAA,823.94599999999979900167,-2.32350000000000544986,13,9,329.82999999999992724042,22,0,0
0.05421761436537393675,LLEQPPAA,837.97299999999984265742,-1.93340000000000156177,13,9,329.82999999999992724042,23,0,0
0.05309501903433560405,DADAFAYA,842.86000000000012732926,-2.98810000000000020037,15,12,361.84999999999996589395,23,2,0
0.05309501903433560405,DADAFAYA,842.86000000000012732926,-2.98810000000000020037,15,12,361.84999999999996589395,23,2,0
0.05304461738701215373,TTVVGCGA,706.82000000000016370905,-4.92200000000000592593,12,12,307.48000000000001818989,20,0,1
0.05297615033771042176,AACGHGHT,752.81200000000023919711,-5.66330000000000843841,13,13,344.61000000000001364242,21,2,1
0.05244421845335552751,TTTVGCGA,708.79200000000014370016,-6.19720000000001114415,13,13,327.70999999999997953637,20,0,1
0.05242153857670224515,TTYVGCGA,770.86300000000017007551,-4.62969999999999881624,13,13,327.70999999999997953637,21,1,1
0.05152438154231198802,DAEAFAYA,856.88700000000017098500,-2.59799999999999986500,15,12,361.84999999999996589395,24,2,0
0.05074723325889032854,PPTGHAHF,862.94599999999991268851,-3.07080000000001085425,13,11,321.82999999999998408384,21,3,0
0.05014635600692163991,AAADAMWY,898.00900000000012823875,-1.22840000000000171276,14,12,340.33999999999997498890,24,3,0
0.05006177575493701848,PPPGHFHF,935.05600000000004001777,-0.72259999999999546816,12,9,292.81000000000000227374,21,4,0
0.05004532388816698013,GGGHSSFD,762.73400000000003728928,-6.64610000000001743814,15,13,373.45999999999992269295,23,2,0
0.04992619907950221481,GGGHSTFD,776.76100000000008094503,-6.25760000000001603837,15,13,373.45999999999992269295,23,2,0
0.04986589589841273346,CCCGHGHG,772.89300000000002910383,-5.59290000000000819824,12,14,324.37999999999999545253,22,2,1
0.04986589589841273346,CCCGHGHG,772.89300000000002910383,-5.59290000000000819824,12,14,324.37999999999999545253,22,2,1
0.04975864003376313099,PPTGHGHF,848.91899999999986903276,-3.45930000000001225402,13,11,321.82999999999998408384,21,3,0
0.04973374342104408541,GGDYVYAC,846.91700000000014370016,-2.96829999999998994653,14,13,344.77999999999991587174,23,2,1
0.04959914232154333247,LLDQPVAA,825.96199999999998908606,-2.17370000000000640483,13,10,338.61999999999994770405,24,0,0
0.04938716525517405226,AACGHTHT,796.86500000000012278178,-5.91390000000001236913,14,14,364.83999999999997498890,22,2,1
0.04930742259910477626,GGDYVTAC,784.84600000000023101165,-4.53579999999999472493,14,13,344.77999999999991587174,22,1,1
0.04906513064207544683,SSSTVVVA,748.83199999999999363354,-5.86250000000001314504,14,13,347.93999999999994088284,22,0,0
0.04905131582434705401,SSTTVYVA,826.90200000000004365575,-5.18170000000001262919,15,14,368.16999999999995907274,23,1,0
0.04900248016349829233,SSSTVYVA,812.87500000000000000000,-5.57020000000001314078,15,14,368.16999999999995907274,23,1,0
0.04896904936514916151,SSTTVVVA,762.85900000000003728928,-5.47400000000001174527,14,13,347.93999999999994088284,22,0,0
0.04890882626757378504,IIITVVEL,899.14099999999996271072,0.53390000000000292779,13,11,324.54999999999995452526,29,0,0
0.04890882626757378504,IILTVVEL,899.14099999999996271072,0.53390000000000292779,13,11,324.54999999999995452526,29,0,0
0.04867405904783542875,LLEQPVAA,839.98900000000003274181,-1.78360000000000340492,13,10,338.61999999999994770405,25,0,0
0.04827973456861180818,GGEYVYAC,860.94400000000007366907,-2.57819999999998783480,14,13,344.77999999999991587174,24,2,1
0.04679851478904597378,GGEYVTAC,798.87300000000016098056,-4.14569999999999527773,14,13,344.77999999999991587174,23,1,1
0.04668407153199613524,CCDGHGHG,784.83500000000003637979,-6.04800000000000981260,14,14,361.67999999999989313437,23,2,1
0.04668407153199613524,CCDGHGHG,784.83500000000003637979,-6.04800000000000981260,14,14,361.67999999999989313437,23,2,1
0.04660663858305785778,NNNSGSGA,719.66600000000028103386,-10.31460000000001109299,15,14,436.74999999999994315658,23,0,0
0.04657330041486903993,NNDSGSGA,720.65000000000020463631,-9.71530000000001159322,16,14,430.95999999999986584953,23,0,0
0.04656560734981649713,CCCGHTHG,816.94600000000014006218,-5.84350000000000768807,13,15,344.60999999999995679900,23,2,1
0.04654824722010440091,DADAFCYA,874.92700000000013460522,-3.07819999999999893703,15,13,361.84999999999996589395,24,2,1
0.04654824722010440091,DADAFCYA,874.92700000000013460522,-3.07819999999999893703,15,13,361.84999999999996589395,24,2,1
0.04643773819897432237,CCCEFFGA,879.05300000000022464519,-2.41719999999998780282,12,13,304.31999999999993633537,25,2,1
0.04635090458262756258,NNNSGTGA,733.69300000000032468961,-9.92610000000001235776,15,14,436.74999999999994315658,23,0,0
0.04632138297481803307,NNDSGTGA,734.67700000000024829205,-9.32680000000001285798,16,14,430.95999999999986584953,23,0,0
0.04581421931931322494,AAFGHGHT,796.84300000000007457857,-4.35040000000000670610,13,12,344.61000000000001364242,22,3,0
0.04575938843154266078,SSSTVCVA,752.84500000000002728484,-6.58870000000001354579,14,14,347.93999999999994088284,22,0,1
0.04565428526487007310,AAAGHYHT,826.86900000000025556801,-4.25630000000000485727,14,13,364.83999999999997498890,22,3,0
0.04563205584177795759,SSTTVCVA,766.87200000000007094059,-6.20020000000001214602,14,14,347.93999999999994088284,22,0,1
0.04528465446344914075,AAATETEW,877.90600000000017644197,-3.93320000000000824514,16,14,397.86999999999994770405,25,2,0
0.04522844534889439161,LLLQPQAA,853.03199999999981173460,-1.99280000000000523386,12,10,344.40999999999991132427,26,0,0
0.04518253737620350763,DAEAFCYA,888.95400000000017826096,-2.68809999999999504894,15,13,361.84999999999996589395,25,2,1
0.04515969169038343972,MMFLCVCT,947.28200000000015279511,-0.51669999999998927898,13,12,287.25000000000000000000,29,1,1
0.04488333629037956352,MMFLCLCT,961.30900000000008276402,-0.12659999999998966524,13,12,287.25000000000000000000,30,1,1
0.04480340062810046764,PPQGHAHF,889.97200000000009367795,-3.18610000000001392095,13,11,344.68999999999999772626,23,3,0
0.04478174550047816366,DADAFFYA,918.95800000000008367351,-1.76529999999999542837,15,12,361.84999999999996589395,25,3,0
0.04478174550047816366,DADAFFYA,918.95800000000008367351,-1.76529999999999542837,15,12,361.84999999999996589395,25,3,0
0.04426463430083221046,IITTVVEL,887.08599999999989904609,-1.13140000000000129354,14,12,344.77999999999997271516,28,0,0
0.04425026665360531214,GGDHSSFD,820.77000000000020918378,-6.80280000000001727756,17,14,410.75999999999993406163,25,2,0
0.04421676151519043224,GGDHSTFD,834.79700000000025283953,-6.41430000000001587779,17,14,410.75999999999993406163,25,2,0
0.04417370303452393399,DAEAFFYA,932.98500000000012732926,-1.37519999999999220641,15,12,361.84999999999996589395,26,3,0
0.04406398097052715429,CCEGHGHG,798.86200000000008003553,-5.65790000000000947722,14,14,361.67999999999989313437,24,2,1
0.04406398097052715429,CCEGHGHG,798.86200000000008003553,-5.65790000000000947722,14,14,361.67999999999989313437,24,2,1
0.04402577191271286883,IIITVTEL,901.11300000000005638867,-0.74129999999999895977,14,12,344.77999999999997271516,29,0,0
0.04402577191271286883,IILTVTEL,901.11300000000005638867,-0.74129999999999895977,14,12,344.77999999999997271516,29,0,0
0.04399237864317647601,PPQGHGHF,875.94500000000005002221,-3.57460000000001443254,13,11,344.68999999999999772626,23,3,0
0.04378479150507499223,CCDGHTHG,828.88800000000014733814,-6.29860000000001374332,15,15,381.90999999999991132427,24,2,1
0.04375751787526636905,NNESGSGA,734.67700000000024829205,-9.32520000000001303420,16,14,430.95999999999986584953,24,0,0
0.04370837677039867558,AAADAFWY,913.98600000000021736923,-0.73879999999999834692,13,12,340.33999999999997498890,23,4,0
0.04356117190238240067,NNESGTGA,748.70400000000029194780,-8.93670000000001429896,16,14,430.95999999999986584953,24,0,0
0.04276379059630104618,AAFGHTHT,840.89600000000018553692,-4.60100000000000619593,14,13,364.83999999999997498890,23,3,0
0.04262199900454973628,IIITVDEL,915.09600000000000363798,-0.64740000000000041958,15,12,361.84999999999990905053,30,0,0
0.04262199900454973628,IILTVDEL,915.09600000000000363798,-0.64740000000000041958,15,12,361.84999999999990905053,30,0,0
0.04227491764994393414,CCDEFFGA,890.99500000000011823431,-2.87229999999999474625,14,13,341.61999999999989086064,26,2,1
0.04189410202691583318,GGEHSSFD,834.79700000000002546585,-6.41270000000001605400,17,14,410.75999999999993406163,26,2,0
0.04188733768335001911,GGEHSTFD,848.82400000000006912160,-6.02420000000001465423,17,14,410.75999999999993406163,26,2,0
0.04156181415018164738,AAADAKWY,894.98400000000015097612,-1.85250000000000669687,14,13,366.35999999999995679900,25,3,1
0.04144518719954125990,AAATEEEW,905.91600000000005366019,-3.44920000000000914753,17,14,414.93999999999994088284,27,2,0
0.04140840554124513434,CCEGHTHG,842.91500000000019099389,-5.90850000000000896705,15,15,381.90999999999991132427,25,2,1
0.04135489617723316774,CCCEFWGA,918.09000000000014551915,-1.93589999999998774172,12,14,320.10999999999995679900,25,3,1
0.04133338608666307923,CCEEFFGA,905.02200000000016189006,-2.48219999999999263451,14,13,341.61999999999989086064,27,2,1
0.04127728967677044697,SSSVDVDF,854.86800000000005184120,-5.72710000000001873133,17,14,402.30999999999994543032,26,1,0
0.04093586251764177314,MMALCVCT,871.18400000000019645086,-1.73949999999999338485,13,12,287.25000000000000000000,27,0,1
0.04058390929695045168,MMALCLCT,885.21100000000012641976,-1.34939999999999327152,13,12,287.25000000000000000000,28,0,1
0.04013429862594097841,LLDQPQAA,854.95999999999980900611,-3.56420000000001202523,14,11,381.70999999999992269295,26,0,0
0.04012714325657169845,AACGHYHT,858.93600000000026284397,-4.34640000000000270575,14,14,364.83999999999997498890,23,3,1
0.04000590706446397610,AANDAMWY,941.03399999999999181455,-2.37290000000000889102,15,13,383.42999999999994997779,26,3,0
0.03998477436350150738,AACTETEW,909.97300000000007003109,-4.02330000000000875815,16,15,397.86999999999994770405,26,2,1
0.03975380288753572328,SSSVDYDF,918.91100000000005820766,-5.43480000000001961524,18,15,422.53999999999996362021,27,2,0
0.03951905008823323323,MMFLCTCT,949.25400000000024647306,-1.79189999999999383107,14,13,307.48000000000001818989,29,1,1
0.03930235483575135469,AAAYWWWY,1116.24600000000009458745,2.92020000000001145324,12,14,354.84999999999996589395,25,8,0
0.03927938638405278904,AAFYWAWY,1077.20899999999983265297,2.43890000000001228031,12,13,339.05999999999994543032,25,7,0
0.03924595817519085234,SSDVDVDF,882.87800000000015643309,-5.24470000000001501661,18,14,419.37999999999993860911,27,1,0
0.03907783141709263858,AAYYWAWY,1093.20799999999985629984,2.14450000000001095302,13,14,359.28999999999996362021,25,7,0
0.03899855400296579205,PPTGHFHF,939.04399999999986903276,-1.84800000000000608225,13,11,321.82999999999998408384,23,4,0
0.03893469297982202898,IITTVTEL,889.05799999999999272404,-2.40660000000000451337,15,13,365.00999999999993406163,28,0,0
0.03881698414735907515,LLEQPQAA,868.98699999999985266186,-3.17410000000000902531,14,11,381.70999999999992269295,27,0,0
0.03866080123509069849,MMMLCLCT,945.33200000000022100721,-0.61619999999999253149,14,12,287.25000000000000000000,31,0,1
0.03852296173406838387,MMMLCVCT,931.30500000000029103830,-1.00629999999999331095,14,12,287.25000000000000000000,30,0,1
0.03852243838988510943,SSSVDCDF,858.88100000000008549250,-6.45330000000001824390,17,15,402.30999999999994543032,26,1,1
0.03838744953537433918,CCCGHFHG,863.01800000000002910383,-3.98159999999999669740,12,14,324.37999999999999545253,24,3,1
0.03798788931838942978,SSDVDYDF,946.92100000000016279955,-4.95240000000001678870,19,15,439.60999999999995679900,28,2,0
0.03753266168912965800,CCCGHHHG,852.98299999999994724931,-5.25850000000000683542,13,15,353.05999999999994543032,24,3,1
0.03753266168912965800,CCCGHHHG,852.98299999999994724931,-5.25850000000000683542,13,15,353.05999999999994543032,24,3,1
0.03750550059712560308,AAAYWDWY,1045.12000000000011823431,0.67090000000001270841,14,14,376.35999999999995679900,25,6,0
0.03749760945453365496,SSEVDVDF,896.90500000000020008883,-4.85460000000001379306,18,14,419.37999999999993860911,28,1,0
0.03749735193550206985,IITTVDEL,903.04099999999993997335,-2.31270000000000752749,16,13,382.07999999999992724042,29,0,0
0.03739565064228071029,CCDEFWGA,930.03200000000003910827,-2.39099999999999468514,14,14,357.40999999999991132427,26,3,1
0.03731379948794942558,DDDCCCVF,919.02700000000004365575,-4.09590000000000298286,16,15,378.91999999999990222932,27,1,1
0.03731379948794942558,DDDCCCVF,919.02700000000004365575,-4.09590000000000298286,16,15,378.91999999999990222932,27,1,1
0.03694269387853212072,AAFTETEW,954.00400000000013278623,-2.71040000000000347313,16,14,397.86999999999994770405,27,3,0
0.03692710974259303530,HHDPLTLK,960.10399999999970077624,-2.69360000000000354703,16,13,399.13999999999992951416,29,2,1
0.03690781501077462085,DDDCCTVF,916.98600000000010368240,-4.64490000000000513580,17,15,399.14999999999992041921,27,1,1
0.03690781501077462085,DDDCCTVF,916.98600000000010368240,-4.64490000000000513580,17,15,399.14999999999992041921,27,1,1
0.03687068772680767575,AAAWEWYW,1082.18500000000017280399,1.83670000000001198970,13,14,371.91999999999995907274,26,7,0
0.03680254768396665904,CCEEFWGA,944.05900000000008276402,-2.00089999999999079705,14,14,357.40999999999991132427,27,3,1
0.03675158488109662308,AACTEEEW,937.98299999999994724931,-3.53930000000000966054,17,15,414.93999999999994088284,28,2,1
0.03662067108904355772,MMALCTCT,873.15600000000029012881,-3.01469999999999505036,14,13,307.48000000000001818989,27,0,1
0.03661382338227888583,HHEPLTLK,974.13099999999974443199,-2.30350000000000321165,16,13,399.13999999999992951416,30,2,1
0.03657201833352594772,SSDVDCDF,886.89100000000019008439,-5.97090000000001630553,18,15,419.37999999999993860911,27,1,1
0.03649416940048470781,SSEVDYDF,960.94800000000020645530,-4.56230000000001822968,19,15,439.60999999999995679900,29,2,0
0.03614844556525009800,AAAYWEWY,1059.14700000000016189006,1.06100000000001259970,14,14,376.35999999999995679900,26,6,0
0.03596372403049716976,DDECCCVF,933.05400000000008731149,-3.70579999999999998295,16,15,378.91999999999990222932,28,1,1
0.03576145041093996280,CCDGHFHG,874.96000000000003637979,-4.43670000000000719353,14,14,361.67999999999989313437,25,3,1
0.03539068983645907163,DDECCTVF,931.01300000000014733814,-4.25480000000000213589,17,15,399.14999999999992041921,28,1,1
0.03532210691179347301,HHEPLYLK,1036.20199999999954343366,-0.73599999999999821121,16,13,399.13999999999992951416,31,3,1
0.03530972614059853937,CCDGHHHG,864.92499999999995452526,-5.71360000000001377884,15,15,390.35999999999989995558,25,3,1
0.03530972614059853937,CCDGHHHG,864.92499999999995452526,-5.71360000000001377884,15,15,390.35999999999989995558,25,3,1
0.03520825878490207311,AAYYWYWY,1185.30500000000006366463,3.07290000000001173319,14,15,379.51999999999992496669,27,8,0
0.03517549473614683259,AAFYWYWY,1169.30600000000004001777,3.36730000000001306049,13,14,359.28999999999996362021,27,8,0
0.03516414046232606977,HHDPLYLK,1022.17499999999961346475,-1.12609999999999876863,16,13,399.13999999999992951416,30,3,1
0.03500903352564885274,AAFTEEEW,982.01400000000001000444,-2.22640000000000437552,17,14,414.93999999999994088284,29,3,0
0.03499800390436461073,AAFYWDWY,1121.21799999999984720489,1.89370000000001348361,14,14,376.35999999999995679900,27,7,0
0.03487153564357457075,SSEVDCDF,900.91800000000023374014,-5.58080000000001419380,18,15,419.37999999999993860911,28,1,1
0.03483504221946975149,AACYWWWY,1148.31299999999987448973,2.83010000000001094023,12,15,354.84999999999996589395,26,8,1
0.03462374143299079554,NNDFDTDF,986.94600000000025374902,-6.16700000000002201972,19,15,485.32999999999992724042,30,2,0
0.03459484815894032367,AANDAFWY,957.01100000000008094503,-1.88330000000001041016,14,13,383.42999999999994997779,25,4,0
0.03458797027630773624,NNNFDTDF,985.96200000000021645974,-6.76630000000002240768,18,15,491.11999999999994770405,30,2,0
0.03455548051922705671,AAFYWWWY,1192.34399999999982355803,4.14300000000001311662,12,14,354.84999999999996589395,27,9,0
0.03442405284185483944,PPQGHFHF,966.07000000000005002221,-1.96330000000001536620,13,11,344.68999999999999772626,25,4,0
0.03415895848082009523,CCEGHFHG,888.98700000000008003553,-4.04660000000000330544,14,14,361.67999999999989313437,26,3,1
0.03393555891855223189,MMYQQFQA,1046.23999999999955434760,-2.69450000000001388401,16,13,416.51999999999986812327,34,2,0
0.03389962598427187501,AANDAKWY,938.00899999999978717824,-2.99700000000001098854,15,14,409.44999999999993178790,27,3,1
0.03379096963390931796,MMMLCTCT,933.27700000000038471626,-2.28149999999999497646,15,13,307.48000000000001818989,30,0,1
0.03374520851139826277,AAATEWEW,963.01499999999998635758,-1.59000000000000096811,15,14,393.42999999999994997779,26,4,0
0.03358334673334371911,AAFWEWYW,1158.28299999999990177457,3.05950000000001409717,13,14,371.91999999999995907274,28,8,0
0.03350278518284573182,CCEGHHHG,878.95199999999999818101,-5.32350000000001166711,15,15,390.35999999999989995558,26,3,1
0.03350278518284573182,CCEGHHHG,878.95199999999999818101,-5.32350000000001166711,15,15,390.35999999999989995558,26,3,1
0.03348706006299428939,AAFYWEWY,1135.24499999999989086064,2.28380000000001315286,14,14,376.35999999999995679900,28,7,0
0.03348356811393077975,AAAWEDYW,1011.05900000000019645086,-0.41259999999999769082,15,14,393.42999999999994997779,26,5,0
0.03347696746297446763,WWWTYTYV,1204.35200000000008913048,2.27810000000000734133,14,16,395.30999999999988858690,28,8,0
0.03345501978050415687,NNEFDTDF,1000.97300000000029740477,-5.77690000000001990799,19,15,485.32999999999992724042,31,2,0
0.03328838076586484312,AAFGHYHT,902.96700000000009822543,-3.03349999999999297984,14,13,364.83999999999997498890,24,4,0
0.03327942085915679832,WWFTYTYV,1165.31500000000005456968,1.79680000000000861249,14,15,379.51999999999992496669,28,7,0
0.03307911888337872891,AACYWDWY,1077.18700000000012551027,0.58080000000001397176,14,15,376.35999999999995679900,26,6,1
0.03287027761799918985,AAAWEEYW,1025.08600000000001273293,-0.02249999999999802158,15,14,393.42999999999994997779,27,5,0
0.03284199348828593934,HHHPLTLK,982.15799999999967440090,-2.20250000000000323297,15,13,390.51999999999998181011,29,3,1
0.03269993769180686710,AACWEWYW,1114.25199999999995270628,1.74660000000001236486,13,15,371.91999999999995907274,27,7,1
0.03256577564786111711,YYYFDGFG,1031.08899999999971441866,-0.14029999999998971072,15,13,365.00999999999993406163,27,5,0
0.03256471174343215924,CCCEETEG,872.95500000000026830094,-5.81210000000000626130,17,16,399.14999999999992041921,28,0,1
0.03247666315554981198,MMMQQFQA,1014.26399999999966894393,-2.88970000000001725482,16,12,396.28999999999990677679,35,1,0
0.03243624987985972707,AAKYWAWY,1058.20699999999987994670,1.32520000000001081375,13,14,365.07999999999992724042,27,6,1
0.03234819529562346641,IILDNVEN,929.03899999999987358024,-3.32350000000001610800,16,13,427.79999999999989768185,31,0,0
0.03234819529562346641,IIIDNVEN,929.03899999999987358024,-3.32350000000001610800,16,13,427.79999999999989768185,31,0,0
0.03233474475911567170,AAFWEDYW,1087.15699999999992542143,0.81020000000000957918,15,14,393.42999999999994997779,28,6,0
0.03207985083429959472,IITDNVEN,916.98399999999980991561,-4.98880000000001633254,17,14,448.02999999999985902832,30,0,0
0.03199737474364904716,AACYWEWY,1091.21399999999994179234,0.97090000000001386304,14,15,376.35999999999995679900,27,6,1
0.03198615920569267135,WWFTYYYV,1227.38599999999996725819,3.36430000000000806182,14,15,379.51999999999992496669,29,8,0
0.03195477277606865313,YYDFDGFG,983.00099999999997635314,-1.61389999999999145253,16,13,382.07999999999992724042,27,4,0
0.03185249944534968708,IITDNSEN,904.92899999999985993782,-6.65250000000002206235,18,15,468.25999999999987721822,30,0,0
0.03173304150301459875,FFFTTTWG,1006.12700000000006639311,-0.98219999999999196838,13,13,343.49999999999994315658,26,5,0
0.03170535561701453425,YYEFDGFG,997.02799999999990632205,-1.22379999999998889670,16,13,382.07999999999992724042,28,4,0
0.03168703615788150130,WWWTYYYV,1266.42300000000022919266,3.84560000000000901110,14,16,395.30999999999988858690,29,9,0
0.03142963343934545434,WWWTYCYV,1206.39300000000002910383,2.82710000000000594156,13,16,375.07999999999987039700,28,8,1
0.03138717096826881825,AAFWEEYW,1101.18399999999996907718,1.20030000000000991456,15,14,393.42999999999994997779,29,6,0
0.03138149089512149575,WWFTYCYV,1167.35599999999999454303,2.34580000000000765681,13,15,359.28999999999990677679,28,7,1
0.03107059216011585911,CCDEETEG,884.89700000000016189006,-6.26720000000001231655,19,16,436.44999999999987494448,29,0,1
0.03096225311282162565,IILDNSEN,916.98399999999992360245,-4.98720000000002006146,17,14,448.02999999999991587174,31,0,0
0.03096225311282162565,IIIDNSEN,916.98399999999992360245,-4.98720000000002006146,17,14,448.02999999999991587174,31,0,0
0.03074739054289814255,MMYQQEQA,1028.17799999999965621100,-4.07240000000001511893,18,14,453.81999999999987949195,35,1,0
0.03071937647925609624,FFYTTTWG,1022.12600000000009003998,-1.27659999999998907683,14,14,363.72999999999990450306,26,5,0
0.03071710958859173030,IITDNNEN,931.95499999999969986675,-6.76940000000002140013,18,15,491.11999999999983401722,31,0,0
0.03060991620283954120,WWETYYYV,1209.32400000000006912160,1.98640000000001060165,16,16,416.81999999999987949195,30,7,0
0.03054926395518032037,MMQQQFQA,1011.19499999999970896170,-4.37730000000002039684,16,13,439.37999999999988176569,35,1,0
0.03046945263790757502,FFFTTSWG,992.10000000000002273737,-1.37069999999999092566,13,13,343.49999999999994315658,26,5,0
0.03040761915667810136,AAFTEWEW,1039.11299999999982901500,-0.36719999999999602958,15,14,393.42999999999994997779,28,5,0
0.03038889590487656514,MMYQQQQA,1027.19399999999950523488,-4.67170000000001550688,17,14,459.60999999999984311216,35,1,0
0.03035323736577720533,DDDSWCTY,1003.99800000000016098056,-4.80880000000000951133,19,17,455.39999999999992041921,28,3,1
0.03035323736577720533,DDDSWCTY,1003.99800000000016098056,-4.80880000000000951133,19,17,455.39999999999992041921,28,3,1
0.03033012118871232163,YYYFDTFG,1075.14200000000005275069,-0.39089999999998897851,16,14,385.23999999999995225153,28,5,0
0.03025918244608765198,WWETYTYV,1147.25299999999992905941,0.41890000000001087477,16,16,416.81999999999987949195,29,6,0
0.02999467048383564621,IILDNNEN,944.00999999999976353138,-5.10410000000002117559,17,14,470.88999999999987267074,32,0,0
0.02999467048383564621,IIIDNNEN,944.00999999999976353138,-5.10410000000002117559,17,14,470.88999999999987267074,32,0,0
0.02993832155833643996,AAKYWYWY,1150.30399999999985993782,2.25360000000001337028,14,15,385.30999999999994543032,29,7,1
0.02993567076708121555,CCCEEEEG,900.96500000000014551915,-5.32810000000000716369,18,16,416.21999999999991359800,30,0,1
0.02985465884719232244,CCEEETEG,898.92400000000020554580,-5.87710000000000842846,19,16,436.44999999999987494448,30,0,1
0.02968844243662580387,AACTEWEW,995.08199999999987994670,-1.68010000000000059295,15,15,393.42999999999994997779,27,4,1
0.02964841034425288666,YYDFDTFG,1027.05400000000008731149,-1.86449999999999604938,17,14,402.30999999999994543032,28,4,0
0.02950546338872877747,YYEFDTFG,1041.08099999999990359356,-1.47439999999999349356,17,14,402.30999999999994543032,29,4,0
0.02949630041942038691,FFYTTSWG,1008.09900000000004638423,-1.66509999999999291909,14,14,363.72999999999990450306,26,5,0
0.02949176240866644566,AACWEDYW,1043.12600000000020372681,-0.50269999999999592788,15,15,393.42999999999994997779,27,5,1
0.02918802655850552888,DDESWCTY,1018.02500000000009094947,-4.41870000000000828777,19,17,455.39999999999992041921,29,3,1
0.02911089120969574673,WWETYCYV,1149.29399999999986903276,0.96790000000000953051,15,16,396.58999999999986130206,29,6,1
0.02907217834671255510,AACWEEYW,1057.15300000000002000888,-0.11259999999999475984,15,15,393.42999999999994997779,28,5,1
0.02904400810426070387,HHDAYAYT,977.00200000000006639311,-3.48460000000000214015,17,15,422.36999999999994770405,26,4,0
0.02898401055727032466,NNDFDFDF,1033.01800000000002910383,-4.30510000000001991083,18,14,465.09999999999990905053,31,3,0
0.02892110433746711284,HHHPLYLK,1044.22899999999981446308,-0.63499999999999579003,15,13,390.51999999999998181011,30,4,1
0.02881177015430662347,CCDEEEEG,912.90700000000003910827,-5.78320000000001144258,20,16,453.51999999999986812327,31,0,1
0.02871965718209532059,NNNFDFDF,1032.03400000000010550139,-4.90440000000002118696,17,14,470.88999999999992951416,31,3,0
0.02858960262048821505,HHDAYVYT,1005.05600000000004001777,-2.84850000000000314060,17,15,422.36999999999994770405,27,4,0
0.02840384690767779052,NNEFDFDF,1047.04500000000030013325,-3.91500000000001779910,18,14,465.09999999999990905053,32,3,0
0.02825833445134563748,MMMQQEQA,996.20199999999965712050,-4.26760000000001760156,18,13,433.58999999999991814548,36,0,0
0.02814283385125762940,HHEAYAYT,991.02900000000011004886,-3.09450000000000180478,17,15,422.36999999999994770405,27,4,0
0.02805687331189439526,HHEAYVYT,1019.08300000000008367351,-2.45839999999999925251,17,15,422.36999999999994770405,28,4,0
0.02800284339100400297,CCEEEEEG,926.93400000000008276402,-5.39310000000000844267,20,16,453.51999999999986812327,32,0,1
0.02799007112560390406,MMMQQQQA,995.21799999999950614438,-4.86690000000001798952,17,13,439.37999999999988176569,36,0,0
0.02783366509762611601,FFHTTTWG,996.09199999999998453859,-2.25909999999999921982,14,14,372.17999999999994997779,26,5,0
0.02780704711798610840,MMQQQEQA,993.13299999999969713826,-5.75520000000002074358,18,14,476.67999999999989313437,36,0,0
0.02776037880984301084,MMQQQQQA,992.14899999999954616214,-6.35450000000002113154,17,14,482.46999999999985675458,36,0,0
0.02749908946600394463,PPPQWAER,980.09399999999993724487,-2.63353000000001280512,15,13,393.52999999999997271516,25,2,3
0.02694310208770559281,FFHTTSWG,982.06499999999994088284,-2.64760000000000061959,14,14,372.17999999999994997779,26,5,0
0.02676423471213235789,PPPQWGER,966.06699999999989358912,-3.02203000000001331671,15,13,393.52999999999997271516,25,2,3
0.02626294560933458214,HHHAYAYT,999.05600000000004001777,-2.99350000000000093792,16,15,413.74999999999994315658,26,5,0
0.02616905693191204710,HHHAYVYT,1027.10999999999989995558,-2.35739999999999927383,16,15,413.74999999999994315658,27,5,0
0.02512046870803522763,GGGRYTYS,859.89500000000020918378,-5.78093000000001211447,16,16,409.83999999999997498890,25,2,3
0.02511257261030537188,GGGRYSYS,845.86800000000016552804,-6.16943000000001440242,16,16,409.83999999999997498890,25,2,3
0.02510452878264390897,HHHAYYYT,1091.15299999999979263521,-2.06509999999999305231,17,16,433.97999999999996134648,28,6,0
0.02508908947408243148,DDDSWFTY,1048.02899999999999636202,-3.49590000000001088765,19,16,455.39999999999992041921,29,4,0
0.02508908947408243148,DDDSWFTY,1048.02899999999999636202,-3.49590000000001088765,19,16,455.39999999999992041921,29,4,0
0.02475351907058217019,TTVYGART,867.95899999999994633981,-5.54683000000001502627,16,16,409.83999999999997498890,25,1,3
0.02473339834178961763,TTVYGGRT,853.93199999999990268407,-5.93533000000001642604,16,16,409.83999999999997498890,25,1,3
0.02467272799747134704,TTTYGGRT,855.90399999999988267518,-7.21053000000001542702,17,17,430.06999999999993633537,25,1,3
0.02466190023187118940,TTTYGART,869.93099999999992633093,-6.82203000000001846814,17,17,430.06999999999993633537,25,1,3
0.02458115646776364016,DDESWFTY,1062.05600000000004001777,-3.10580000000001144045,19,16,455.39999999999992041921,30,4,0
0.02450325370123105154,HHDAYYYT,1069.09899999999993269739,-2.55619999999999869544,18,16,442.59999999999996589395,28,5,0
0.02423465735158972581,HHEAYYYT,1083.12599999999997635314,-2.16609999999999569553,18,16,442.59999999999996589395,29,5,0
0.02380979725922694260,GGGHSRFD,831.84500000000002728484,-6.37513000000001905931,16,15,415.12999999999988176569,26,2,3
0.02370428912193095136,PPPQWFER,1056.19200000000000727596,-1.41073000000000625676,15,13,393.52999999999997271516,27,3,3
0.02347282662376679041,SSRTVYVA,881.98599999999998999556,-5.29923000000001653831,16,16,409.83999999999991814548,26,1,3
0.02342724112090782337,SSSFRGDA,825.83400000000006002665,-7.59923000000001724885,17,16,426.90999999999991132427,26,1,3
0.02340337053048252916,SSTFRGDA,839.86099999999998999556,-7.21073000000001584908,17,16,426.90999999999991132427,26,1,3
0.02340337053048252916,SSSFRADA,839.86100000000010368240,-7.21073000000001584908,17,16,426.90999999999991132427,26,1,3
0.02338807976141669270,SSTFRADA,853.88800000000003365130,-6.82223000000001711385,17,16,426.90999999999991132427,26,1,3
0.02322198804300424496,PPTQWAER,984.08199999999976625986,-3.75893000000001542560,16,15,422.54999999999995452526,27,2,3
0.02320525027241610722,SSRTVVVA,817.94299999999998362910,-5.59153000000001654257,15,15,389.60999999999989995558,25,0,3
0.02295945904588073475,PPTQWGER,970.05499999999972260412,-4.14743000000001504901,16,15,422.54999999999995452526,27,2,3
0.02271125215878674192,AAAREDSW,904.93600000000026284397,-4.82933000000001655394,17,16,439.53999999999996362021,27,2,3
0.02266624913971725455,DDDSWWTY,1087.06600000000003092282,-3.01460000000000993836,19,17,471.18999999999994088284,29,5,0
0.02266624913971725455,DDDSWWTY,1087.06600000000003092282,-3.01460000000000993836,19,17,471.18999999999994088284,29,5,0
0.02260233568324334502,LAFRFGSD,912.01500000000010004442,-3.29503000000000767500,15,14,386.44999999999998863132,28,2,3
0.02253250309155627532,GGDRYTYS,917.93100000000038107828,-5.93763000000001639478,18,17,447.13999999999998635758,27,2,3
0.02251806644339829008,GGDRYSYS,903.90400000000033742253,-6.32613000000001779455,18,17,447.13999999999998635758,27,2,3
0.02237207150770634603,DDESWWTY,1101.09300000000007457857,-2.62450000000000871481,19,17,471.18999999999994088284,30,5,0
0.02207576425961177424,LALRFGSD,877.99800000000016098056,-3.49163000000001044754,15,14,386.44999999999998863132,28,1,3
0.02197476761204142717,NNNSGRGA,788.77699999999992996891,-10.04363000000000383238,16,16,478.41999999999990222932,26,0,3
0.02196837983796614061,NNDSGRGA,789.76099999999985357135,-9.44433000000000966168,17,16,472.62999999999982492227,26,0,3
0.02174899810515427967,AAAREESW,918.96300000000019281288,-4.43923000000001533039,17,16,439.53999999999996362021,28,2,3
0.02157991725390285068,GGGYVRAC,781.89399999999989177013,-4.49663000000000412371,13,14,349.14999999999992041921,23,1,4
0.02149017608349013467,GGERYTYS,931.95800000000031104719,-5.54753000000001517122,18,17,447.13999999999998635758,28,2,3
0.02148712753434258924,SSTFRFDA,929.98599999999998999556,-5.59943000000001767091,17,16,426.90999999999991132427,28,2,3
0.02146187495015374272,GGERYSYS,917.93100000000026739144,-5.93603000000001657099,18,17,447.13999999999998635758,28,2,3
0.02146110809119410046,SSSFRFDA,915.95900000000006002665,-5.98793000000001907068,17,16,426.90999999999991132427,28,2,3
0.02145019743476968624,GGDHSRFD,889.88099999999985811883,-6.53183000000001889873,18,16,452.42999999999989313437,28,2,3
0.02132876309946367399,LAFRFTSD,956.06800000000021100277,-3.54563000000000982936,16,15,406.67999999999994997779,29,2,3
0.02128601233185917554,AARDAMWY,983.11899999999991450750,-1.98503000000001117442,16,15,402.23999999999995225153,28,3,3
0.02086392863715517618,PPYQWAER,1046.15299999999979263521,-2.19143000000001109129,16,15,422.54999999999995452526,28,3,3
0.02085619548665510262,LALRFTSD,922.05100000000027193892,-3.74223000000001260190,16,15,406.67999999999994997779,29,1,3
0.02084208075235740101,LAMRFGSD,896.03800000000012460077,-3.78463000000001237311,16,14,386.44999999999998863132,29,1,3
0.02081891426209790327,NNESGRGA,803.78799999999989722710,-9.05423000000001110266,17,16,472.62999999999982492227,27,0,3
0.02061555164971274473,AAARERSW,946.03699999999992087396,-5.04076000000002188983,17,18,464.13999999999992951416,29,2,3
0.02061442092797221431,GGGRYYYS,921.96600000000012187229,-4.21343000000001310923,16,16,409.83999999999997498890,26,3,3
0.02051388177851596467,GGEHSRFD,903.90799999999967440090,-6.14173000000001767518,18,16,452.42999999999989313437,29,2,3
0.02023884891809280343,RREWIIIS,1072.27999999999974534148,-1.96216000000000745374,17,18,464.13999999999987267074,35,2,3
0.02017724437127556628,PPYQWGER,1032.12599999999952160579,-2.57993000000001337924,16,15,422.54999999999995452526,28,3,3
0.02017431756091655690,SSRFRGDA,894.94499999999970896170,-7.32826000000002331092,18,18,468.57999999999992724042,29,1,3
0.02017162522342458991,SSRFRADA,908.97199999999975261744,-6.93976000000002457568,18,18,468.57999999999992724042,29,1,3
0.02009292861678419612,HHEPLRLK,1029.21499999999923602445,-2.42103000000001244985,17,15,440.80999999999988858690,33,2,3
0.02000591923889120244,LAFRFKSD,983.13799999999980627763,-2.79743000000001273975,16,15,412.46999999999997044142,32,2,3
0.01997858024347373695,HHDPLRLK,1015.18799999999930605554,-2.81113000000001278522,17,15,440.80999999999988858690,32,2,3
0.01983439251777162349,LAMRFTSD,940.09100000000023555913,-4.03523000000001363929,17,15,406.67999999999994997779,30,1,3
0.01981615401689650058,RRDWIIIS,1058.25299999999992905941,-2.35226000000000956547,17,18,464.13999999999987267074,34,2,3
0.01967760926828828610,KKYRRPVP,1043.28599999999937608663,-2.80686000000001012467,17,16,445.50999999999987721822,32,1,3
0.01952849651363729871,KKYGTGRA,880.01799999999980173016,-5.07503000000001680547,16,16,421.41999999999984538590,30,1,3
0.01944982615413371613,LALRFKSD,949.12099999999986721377,-2.99403000000001373593,16,15,412.46999999999997044142,32,1,3
0.01935626436517527346,PPTQWFER,1060.18000000000006366463,-2.53613000000000887724,16,15,422.54999999999995452526,29,3,3
0.01931161557596492578,MMMRWEYT,1147.41399999999998726707,-0.76763000000000913836,19,16,422.46999999999997044142,36,3,3
0.01925189455974945021,AARDAKWY,980.09399999999970987119,-2.60913000000001238377,16,16,428.25999999999993406163,29,3,3
0.01905389152878298256,GGDYVRAC,839.92999999999983629095,-4.65333000000000840402,15,15,386.44999999999987494448,25,1,4
0.01904067826839974178,KKVGTGRA,815.97499999999979536369,-5.36733000000001947427,15,15,401.18999999999988403943,29,0,3
0.01901274488989964512,SSRFRFDA,985.06999999999970896170,-5.71696000000002602093,18,18,468.57999999999992724042,31,2,3
0.01895307875883967333,RRRWIIIS,1099.35399999999981446308,-2.56369000000001312500,17,20,488.73999999999989540811,36,2,3
0.01884335974704641481,KKVGTHRA,896.06499999999971350917,-5.03293000000002432870,16,16,429.86999999999989086064,31,1,3
0.01878141574627601590,KKYGTTRA,924.07099999999991268851,-5.32563000000001895984,17,17,441.64999999999986357579,31,1,3
0.01876542941369487710,MMMRWDYT,1133.38699999999994361133,-1.15773000000000858556,19,16,422.46999999999997044142,35,3,3
0.01874437319225889451,MMARWEYT,1087.29299999999989267963,-1.50083000000000899021,18,16,422.46999999999997044142,33,3,3
0.01864924971733757791,LAMRFKSD,967.16099999999983083399,-3.28703000000001299696,17,15,412.46999999999997044142,33,1,3
0.01859880360257330084,KKYGTHRA,960.10799999999971987563,-4.74063000000002077172,17,17,450.09999999999985220711,32,2,3
0.01858759638459286240,KKVRRPVP,979.24299999999936972017,-3.09916000000001279346,16,15,425.27999999999991587174,31,0,3
0.01856344404865087339,GGDRYYYS,980.00200000000029376679,-4.37013000000001738954,18,17,447.13999999999998635758,28,3,3
0.01845969024542257891,MMARWDYT,1073.26599999999984902388,-1.89093000000000976968,18,16,422.46999999999997044142,32,3,3
0.01839159629896340922,RRDWITIS,1046.19799999999986539478,-4.01756000000001378680,18,19,484.36999999999989086064,33,2,3
0.01837841988275380409,AARDAFWY,999.09600000000000363798,-1.49543000000001358174,15,15,402.23999999999995225153,27,4,3
0.01826927565452653168,RREWITIS,1060.22500000000013642421,-3.62746000000001300734,18,19,484.36999999999989086064,34,2,3
0.01822887136411587006,RRDWISIS,1032.17099999999982173904,-4.40606000000001429839,18,19,484.36999999999989086064,33,2,3
0.01818595729377426098,KKVGTTRA,860.02799999999990632205,-5.61793000000002340499,16,16,421.41999999999990222932,30,0,3
0.01816084132066643139,GGEYVRAC,853.95699999999976625986,-4.26323000000000540410,15,15,386.44999999999987494448,26,1,4
0.01814578370813615601,AAFREDSW,981.03399999999999181455,-3.60653000000001267011,17,16,439.53999999999996362021,29,3,3
0.01803531221090479836,AAFYWRWY,1162.31899999999950523488,1.68227000000000881386,14,16,400.95999999999992269295,29,7,3
0.01803404334929440897,RREWISIS,1046.19799999999986539478,-4.01596000000001396302,18,19,484.36999999999989086064,34,2,3
0.01795966126818072939,NNDFDRDF,1042.02999999999997271516,-6.28453000000002326431,20,17,526.99999999999988631316,33,2,3
0.01794324948838234290,NNNFDRDF,1041.04599999999982173904,-6.88383000000001477048,19,17,532.78999999999996362021,33,2,3
0.01791119748435974698,GGERYYYS,994.02900000000022373570,-3.98003000000001705416,18,17,447.13999999999998635758,29,3,3
0.01789974209539643007,AAYYWRWY,1178.31799999999975625542,1.38787000000000970701,15,17,421.18999999999994088284,29,7,3
0.01783571194700474608,TTVYGCRT,900.02599999999995361577,-5.63693000000001287475,16,17,409.83999999999997498890,26,1,4
0.01777666272340632653,TTTYGCRT,901.99799999999993360689,-6.91213000000001809298,17,18,430.06999999999993633537,26,1,4
0.01774825807585243137,AAFREESW,995.06099999999992178346,-3.21643000000001233474,17,16,439.53999999999996362021,30,3,3
0.01773176039289384512,HHHPLRLK,1037.24199999999927968020,-2.32003000000001247116,16,15,432.18999999999994088284,32,3,3
0.01766518113845406621,RRRWITIS,1087.29899999999975079845,-4.22899000000001734634,18,21,508.96999999999991359800,35,2,3
0.01762815024594369465,SSRTVCVA,821.95600000000001728040,-6.31773000000001694332,15,16,389.60999999999989995558,25,0,4
0.01762799361785289884,NNEFDRDF,1056.05700000000001637090,-5.89443000000002204075,20,17,526.99999999999988631316,34,2,3
0.01760709566472873008,RRDEEWEP,1116.15700000000015279511,-4.38226000000001647550,22,19,547.01999999999998181011,35,2,3
0.01756682873424175381,RREEEWEP,1130.18399999999996907718,-3.99216000000001702830,22,19,547.01999999999998181011,36,2,3
0.01753901945569177542,RRRWISIS,1073.27199999999970714271,-4.61749000000001874611,18,21,508.96999999999991359800,35,2,3
0.01740838725913229287,KKKGTHRA,925.10699999999985720933,-5.55993000000002535188,17,17,455.88999999999987267074,34,1,3
0.01727544589588678875,KKYRRQVP,1074.29999999999949977791,-4.04756000000001670003,18,18,497.38999999999981582732,36,1,3
0.01719571873124312728,RRREEWEP,1157.25799999999981082510,-4.59369000000001115325,22,21,571.62000000000000454747,37,2,3
0.01718193390760973729,CCCEFRGA,888.06499999999994088284,-4.39663000000000447898,14,16,366.21999999999991359800,27,1,4
0.01716543776740176233,RRDEEYEP,1093.11900000000014188117,-5.15796000000001786390,23,19,551.45999999999992269295,35,1,3
0.01712701710048872977,KKYRRRVP,1102.35799999999949250196,-4.04979000000000954884,19,20,516.19999999999981810106,37,1,3
0.01703749956966273127,RREEEYEP,1107.14600000000018553692,-4.76786000000001930488,23,19,551.45999999999992269295,36,1,3
0.01702916653556616963,KKKGTGRA,845.01699999999993906385,-5.89433000000002493834,16,16,427.20999999999986584953,32,0,3
0.01699737170250444768,QQEERTQW,1104.14599999999973078957,-6.31393000000001158867,20,19,568.80999999999994543032,37,2,3
0.01698235146097808526,QQQERTQW,1103.16199999999980718712,-6.91322999999999954213,19,19,574.59999999999990905053,37,2,3
0.01697160036945963291,PPYQWFER,1122.25100000000043110049,-0.96863000000000365475,16,15,422.54999999999995452526,30,4,3
0.01680430369760782180,KKKRRPVP,1008.28499999999939973350,-3.62616000000001736936,17,16,451.29999999999989768185,34,0,3
0.01679943430025805998,RRREEYEP,1134.22000000000002728484,-5.36939000000001431800,23,21,576.06000000000005911716,37,1,3
0.01676017653666640739,QQEERRQW,1159.22999999999956344254,-6.43145999999999062879,21,21,610.47999999999990450306,40,2,3
0.01674720570696960550,QQQERRQW,1158.24599999999941246642,-7.03075999999998835222,20,21,616.26999999999986812327,40,2,3
0.01668250305214849863,AAFRERSW,1022.13499999999964984454,-3.81796000000001711783,17,18,464.13999999999992951416,31,3,3
0.01655866191728340431,KKKGTTRA,889.07000000000005002221,-6.14493000000002709271,17,17,447.43999999999988403943,33,0,3
0.01645075307994409153,AACREDSW,937.00300000000027011993,-4.91943000000001440242,17,17,439.53999999999996362021,28,2,4
0.01624299211682424596,RRDEEVEP,1029.07599999999979445420,-5.45026000000001520363,22,18,531.22999999999990450306,34,0,3
0.01623031946692703176,CCDEFRGA,900.00699999999983447196,-4.85173000000000786969,16,16,403.51999999999986812327,28,1,4
0.01621022270557903600,KKVRRQVP,1010.25699999999937972461,-4.33986000000001048704,17,17,477.15999999999985448085,35,0,3
0.01607622918854552038,AAKYWRWY,1143.31699999999977990228,0.56856999999999735529,15,17,426.97999999999990450306,31,6,3
0.01604298093074821643,RREEEVEP,1043.10299999999983810994,-5.06016000000001575643,22,18,531.22999999999990450306,35,0,3
0.01602113538913174998,KKVRRRVP,1038.31499999999914507498,-4.34209000000000333586,18,19,495.96999999999985675458,36,0,3
0.01600236599643899138,MMFRWEYT,1163.39100000000007639755,-0.27803000000000294145,18,16,422.46999999999997044142,35,4,3
0.01580631258491216329,AACREESW,951.03000000000020008883,-4.52933000000001317886,17,17,439.53999999999996362021,29,2,4
0.01579560762917905231,RRREEVEP,1070.17699999999990723154,-5.66169000000000277595,22,20,555.82999999999992724042,36,0,3
0.01570178578352221174,MMARWWYT,1144.39199999999982537702,0.35837000000000168720,16,16,400.95999999999997953637,32,5,3
0.01566836733681151173,MMFRWDYT,1149.36400000000003274181,-0.66813000000000677403,18,16,422.46999999999997044142,34,4,3
0.01566126264024174028,KKKRRQVP,1039.29899999999929605110,-4.86686000000000085208,18,18,503.17999999999983629095,38,0,3
0.01559802129583817178,CCEEFRGA,914.03399999999987812771,-4.46163000000000753431,16,16,403.51999999999986812327,29,1,4
0.01558968103417928200,KKKRRRVP,1067.35699999999951614882,-4.86908999999999725361,19,20,521.98999999999978172127,39,0,3
0.01549177055138844898,MMFRWWYT,1220.49000000000000909495,1.58117000000000995641,16,16,400.95999999999997953637,34,6,3
0.01537017303916149609,FFFTTRWG,1061.21099999999978535925,-1.09973000000000276088,14,15,385.16999999999990222932,29,5,3
0.01533547907537389371,MMMRWWYT,1204.51299999999991996447,1.09157000000000437012,17,16,400.95999999999997953637,35,5,3
0.01509692928099297914,YYYFDRFG,1130.22599999999988540367,-0.50842999999999705096,17,16,426.90999999999991132427,31,5,3
0.01506392819818895383,AACRERSW,978.10399999999992814992,-5.13086000000002062649,17,19,464.13999999999992951416,30,2,4
0.01489206719495111443,DDDCCRVF,972.06999999999970896170,-4.76243000000001437400,18,17,440.81999999999987949195,30,1,4
0.01489206719495111443,DDDCCRVF,972.06999999999970896170,-4.76243000000001437400,18,17,440.81999999999987949195,30,1,4
0.01489048916085526988,FFYTTRWG,1077.20999999999980900611,-1.39413000000000186773,15,16,405.39999999999992041921,29,5,3
0.01488599610673291100,YYEFDRFG,1096.16499999999973624654,-1.59193000000000695060,18,16,443.97999999999990450306,32,4,3
0.01474659336439997949,YYDFDRFG,1082.13799999999991996447,-1.98203000000000706393,18,16,443.97999999999990450306,31,4,3
0.01473486394294753338,QQFERTQW,1122.20799999999985629984,-4.93603000000001657099,18,18,531.50999999999987721822,36,3,3
0.01455164454379304778,QQEERYQW,1166.21699999999987085175,-4.74643000000001791250,20,19,568.80999999999994543032,38,3,3
0.01446947206146631179,QQQERYQW,1165.23299999999994724931,-5.34573000000001652410,19,19,574.59999999999990905053,38,3,3
0.01446049051438312756,DDECCRVF,986.09699999999975261744,-4.37233000000001315044,18,17,440.81999999999987949195,31,1,4
0.01443844400033691446,QQFERRQW,1177.29199999999946157914,-5.05356000000000360473,19,20,573.17999999999983629095,39,3,3
0.01351745302898347580,FFHTTRWG,1051.17599999999947613105,-2.37663000000001023437,15,16,413.84999999999990905053,29,5,3
0.01331854241478149480,CCCEEREG,928.03899999999987358024,-5.92963000000001283496,18,18,440.81999999999987949195,31,0,4
0.01290482630189673449,CCDEEREG,939.98099999999976716936,-6.38473000000001444931,20,18,478.11999999999983401722,32,0,4
0.01259898461429884153,CCEEEREG,954.00799999999981082510,-5.99463000000001411394,20,18,478.11999999999983401722,33,0,4
0.01190599214717716174,QQFERYQW,1184.27899999999976898835,-3.36853000000002111847,18,18,531.50999999999987721822,37,4,3
